rt,going,new,primary,care,doc,tomorrow,can¡¯t,wait,fully,explain,diabetes,works,still,ignorant,
rt,redhat,opensource,indispensable,growing,group,people,affected,type,1,diabetes,meet,teaser,next,o,
interesting,diets,dietitian,diet,diabetes,healthyliving,healthyfood,healthyweight,obesity,https,t.co,hzvvyt8nap,
rt,thenosm,chiefsofontario,released,key,findings,diabetes,research,called,reducing,burden,diabetes,firstnations,
going,new,primary,care,doc,tomorrow,can¡¯t,wait,fully,explain,diabetes,works,still,ignorant,t1d,
sometimes,little,love,goes,long,way,join,diabetesteam,get,support,encouragement,advice,others,li,https,t.co,run5cog9gw,
rt,thenosm,chiefsofontario,released,key,findings,diabetes,research,called,reducing,burden,diabetes,firstnations,
msn,labs,launches,empagliflozin,tablets,diabetes,management,india,express,pharma,https,t.co,d1czmqqbco,https,t.co,q4tus7dyww,
rt,cure_curator,don¡¯t,judge,disability,visibility,diabetes,please,retweet,spread,awareness,also,please,support,organizatio,
rt,zecohealth,us,realize,proper,breathing,can,improve,health,help,us,combat,obesity,healthcare,health,dia,
rt,healthyfellow,metabolic,control,children,w,type,1,diabetes,glycated,hemoglobin,correlate,w,interstitial,glucose,moni,
rt,zecohealth,us,realize,proper,breathing,can,improve,health,help,us,combat,obesity,healthcare,health,dia,
rt,zecohealth,us,realize,proper,breathing,can,improve,health,help,us,combat,obesity,healthcare,health,dia,
us,realize,proper,breathing,can,improve,health,help,us,combat,obesity,healthcare,https,t.co,fcxeuyj57t,
rt,diabetespac,interested,diabetes,advocacy,join,dpac,nov,17,12pm,ct,virtual,tennessee,diabetes,advocacy,forum,le,
authors,recent,study,conclude,regardless,genetic,predisposition,maintaining,good,heart,health,du,https,t.co,hojcwo51sg,
rt,medivizor,check,canagliflozin,reduce,risk,hospitalization,patients,type,https,t.co,3gxevq8jow,via,medivi,
rt,medivizor,check,canagliflozin,reduce,risk,hospitalization,patients,type,https,t.co,3gxevq8jow,via,medivi,
rt,medivizor,check,canagliflozin,reduce,risk,hospitalization,patients,type,https,t.co,3gxevq8jow,via,medivi,
rt,medivizor,check,canagliflozin,reduce,risk,hospitalization,patients,type,https,t.co,3gxevq8jow,via,medivi,
check,canagliflozin,reduce,risk,hospitalization,patients,type,https,t.co,3gxevq8jow,via,medivizor,diabetes,
check,2009,diabetes,breakthroughs,decadent,desserts,hc,diabetes,diets,desserts,https,t.co,xk3k7qevhe,via,ebay,
hselive,diabetics,eventually,eligible,booster,third,covid,vaccine,roll,prioritised,https,t.co,oln9mfaouq,
msn,labs,launches,patented,diabetes,pill,jardiance,drl,heats,potential,legal,battle,economic,times,https,t.co,xnrnao4ve3,
ok,grown,still,doesn¡¯t,like,cooked,veggies,hit,ground,veggies,can,eat,raw,https,t.co,vqqwsibkka,
rt,mnfamilydocs,upcoming,ksa,diabetes,gone,hybrid,person,spots,full,virtual,spots,available,register,soon,
rt,kimmie_roosa,covid,can,infect,cells,pancreas,make,insulin,research,shows,diabetes,covid,https,t.co,2zcuwa7lrf,
rt,zecohealth,managing,vagus,tone,important,sustainable,weight,management,nutrition,circulareconomy,health,environment,
rt,silkelefay,womenshealth,womeninscience,epidemiology,obesity,diabetes,generalpractice,primaryhealthcare,healthliteracy,smartwa,
womenshealth,womeninscience,epidemiology,obesity,diabetes,generalpractice,primaryhealthcare,healthliteracy,https,t.co,2nrkfxahiq,
rt,24hmuscle,new,paper,scienceadvances,shows,circadian,rhythms,skeletal,muscle,disrupted,t2,diabetes,compared,g,
sometimes,sugardrops,low,causes,huge,amount,sweat,collected,solve,watershortages,https,t.co,q2syv1kzfg,
rt,freestylediabet,give,children,independence,manage,diabetes,without,fingersticks,supervise,sideline,
rt,healthyojas,diabetes,ketone,testing,strips,https,t.co,s5yhrugifb,diabetes,t1d,ketone,https,t.co,7wm283jryv,
diabetes,predictive,lower,erectile,function,recovery,post,rp,https,t.co,xjjzysy27w,smsna21,smsna2021,https,t.co,7wy7t0gftk,
rt,djamaessa,50,people,died,covid19,metabolic,vascular,disorders,patients,metab,
managing,vagus,tone,important,sustainable,weight,management,nutrition,circulareconomy,health,https,t.co,0k1vip9dwk,
rt,gummybeanstoken,shop,new,gummymerch,soon,https,t.co,zq4xvj2h1e,gummybeans,gummynfts,gummycade,gummyball,nfts,nft,ga,
rt,fnanetwork,natural,diabetes,remedies,11,common,herbs,lower,blood,sugars,https,t.co,h6bc8uayl8,diabetes,bloodsugars,
lsd,psilocybin,linked,lower,heart,disease,diabetes,risk,read,full,article,https,t.co,s0eq74y3z0,
rt,diabetes_dri,singular,focus,finding,cure,diabetes,follow,us,amp,join,fight,today,
yeah,got,pre,existing,conditions,pretty,much,fucked,private,healthcare,system,https,t.co,0gfwjzigye,
ruby,redsky,gadgets,gifts,amp,https,t.co,ehfaenvvw5,hritis,diabetes,adhd,migraine,pms,health,beauty,
rt,physicianeer,celebrate,100,years,since,ground,breaking,discovery,insulin,i¡¯m,delighted,exploring,theendoso,
natural,diabetes,remedies,11,common,herbs,lower,blood,sugars,https,t.co,h6bc8uayl8,diabetes,https,t.co,goodjpqlq2,
indicates,high,risk,pregnancy,https,t.co,4pnpgmeyaq,conacer,diabetes,
rt,sarcoid_network,sarcoidosis,made,us,little,fragile,keep,pressing,forward,sarcoidosis,mentalhealth,chronicpain,
please,donate,https,t.co,cr53iprorb,donate,donation,pelota,losmina,sluggers,mlb,mlbsluggers,https,t.co,8kq5cbimus,
rt,danieljdrucker,genetic,studies,deleting,neuropeptide,neuromedin,b,mice,support,essential,physiological,role,
rt,physicianeer,celebrate,100,years,since,ground,breaking,discovery,insulin,i¡¯m,delighted,exploring,theendoso,
rt,srbr_outreach,bidirectional,communication,mitochondrial,function,rhythmic,gene,expression,disturbed,type,2,dia,
rt,srbr_outreach,bidirectional,communication,mitochondrial,function,rhythmic,gene,expression,disturbed,type,2,dia,
rt,miriametucker,term,fullyvaccinated,become,moving,target,makes,sense,concrete,i.e,doublevaxxed,
rt,hospitalsapollo,veganism,one,fastest,growing,lifestyle,choices,world,following,vegan,diet,beneficial,
rt,gummybeanstoken,shop,new,gummymerch,soon,https,t.co,zq4xvj2h1e,gummybeans,gummynfts,gummycade,gummyball,nfts,nft,ga,
rt,gummybeanstoken,shop,new,gummymerch,soon,https,t.co,zq4xvj2h1e,gummybeans,gummynfts,gummycade,gummyball,nfts,nft,ga,
wine,apparently,safe,type,2,diabetics,new,report,health,news,news,amp,features,wine,spectator,https,t.co,7rojtgzbuh,
systematic,review,impact,hypoglycaemia,quality,life,family,members,adults,diabetes,https,t.co,tqbqqvztw0,
rt,donnieradio,look,type2,diabetes,face,decide,take,care,plan,long,wa,
rt,donnieradio,find,happened,hyvelle,young,age,uncontrolled,type2,diabetes,watch,full,donnieradio,
rt,donnieradio,tune,8,20,hear,national,ambassador,american_heart,amdiabetesassn,share,powerful,testimony,
rt,medical_xpress,genetic,trigger,type,1,diabetes,may,lung,commsbio,https,t.co,zowsgv6b03,
rt,timandersonmd,new,jamanetworkopen,examined,clinical,outcomes,intensifying,hospitalized,older,adults,diabetes,medication,
gravelinstitute,know,good,shareholders,invested,predatory,healthcare,though,mass,wave,ne,https,t.co,oveuanm43o,
rt,gummybeanstoken,shop,new,gummymerch,soon,https,t.co,zq4xvj2h1e,gummybeans,gummynfts,gummycade,gummyball,nfts,nft,ga,
rt,gummybeanstoken,shop,new,gummymerch,soon,https,t.co,zq4xvj2h1e,gummybeans,gummynfts,gummycade,gummyball,nfts,nft,ga,
watch,video,stay,fit,mid,day,video,series,dr,hansaji,yogendra,director,yoga,institute,sho,https,t.co,aznup8enab,
rt,wswinneshiekjr,high,fructose,corn,syrup,sugar,coca,cola,adds,salt,salt,makes,thirst,coke,poison,cocac,
just,diabetics,https,t.co,bpdzq4ehn2,diabetic,diabetes,spices,lifestyles,wellness,health,https,t.co,v91zqtpbfz,
rt,amanitalabs,people,tried,psychedelic,drug,least,lifetime,lower,odds,heart,disease,diabetes,
rt,satchinpanda,can,covid_19,increase,risk,diabetes,timely,review,trends_endo_met,discusses,three,different,ways,
rip,24,550,r.i.p,american,motorcycle,road,racer,superbike,champion,wes,cooley,65,dies,https,t.co,pjm4nstzsv,
it¡¯s,horrid,days,yet,another,migraine,that¡¯s,flat,turning,corner,hope,bac,https,t.co,4v0ipsxftf,
shop,new,gummymerch,soon,https,t.co,zq4xvj2h1e,gummybeans,gummynfts,gummycade,gummyball,nfts,nft,https,t.co,ajpopqlzvk,
rt,cuendocrinology,chose,cuendocrinology,endocrine,fellowship,many,reasons,expert,faculty,interested,endocrine,diseases,
take,moments,show,support,advocacy,campaign,simply,utilize,online,form,urge,congress,https,t.co,kpgbofmken,
rt,researchisprogr,association,cognitive,impairment,diabetic,foot,care,role,neuropathy,glycated,hemoglobin,https,
rt,sarcoid_network,sarcoidosis,made,us,little,fragile,keep,pressing,forward,sarcoidosis,mentalhealth,chronicpain,
sarcoidosis,made,us,little,fragile,keep,pressing,forward,sarcoidosis,mentalhealth,https,t.co,c9b6m3pmlu,
rt,worldkidneyday,much,stress,can,take,toll,health,contributing,healthproblems,highbloodpressure,diab,
little,sunday,afternoon,meal,prep,diabetes,fall,fallfood,chickennoodlesoup,mymomschickenpotpie,https,t.co,lfrmlyz7jt,
rt,research_future,flash,uk,research,looking,effectiveness,freestylelibre,2,flash,glucose,monitoring,system,adults,w,
rt,djamaessa,50,people,died,covid19,metabolic,vascular,disorders,patients,metab,
rt,wdd,insulin100,important,things,supported,diabetes,care,visit,insulin,centenary,platform,
rt,worldkidneyday,much,stress,can,take,toll,health,contributing,healthproblems,highbloodpressure,diab,
rt,stirlaughrepeat,check,2007,prevention¡¯s,diabetes,breakthroughs,hc,health,diabetes,cookbooks,https,t.co,khoonhl7zg,via,eb,
rt,physicianeer,celebrate,100,years,since,ground,breaking,discovery,insulin,i¡¯m,delighted,exploring,theendoso,
one,deserves,large,fries,diabetes,https,t.co,ik2qfp0acx,
lauramiers,keeping,notepad,links,covid,nightmares,lately,quit,adding,https,t.co,dnsa0rtjla,
molecule,prevent,damaging,cell,changes,caused,type,2,diabetes,obesity,https,t.co,vii9xnmu4b,science,
rt,everydayhealth,native,americans,hispanics,african,americans,asian,americans,increased,risk,developing,type,2,dia,
native,americans,hispanics,african,americans,asian,americans,increased,risk,developing,type,2,https,t.co,1irc89hiut,
rt,complete_p_t,anyone,know,struggles,type,2,diabetes,important,video,watch,today,recent,
rt,lifeextension,benfotiamine,fat,soluble,form,vitaminb1,thiamine,protects,damaging,glycation,high,blood,sugar,
rt,stirlaughrepeat,check,2007,prevention¡¯s,diabetes,breakthroughs,hc,health,diabetes,cookbooks,https,t.co,khoonhl7zg,via,eb,
factors,correlate,poor,glycemic,control,type,2,diabetes,mellitus,patients,complications,https,t.co,xk1ietgbi4,
another,day,another,store,walked,father,gear,skechers,whitewalls,diabetes,type1diabetes,walking,https,t.co,bpvagdj8sj,
stourbridge,slimmer,loses,4stone,amp,longer,needs,inject,insulin,5,times,day,control,diabetes,n,https,t.co,a5mdstyfb0,
rt,insidesci,live,today,dr,sarah,stanley,dr,alexandra,alvarsson,discuss,beta,cell,innervation,mouse,models,diabetes,
rt,insidesci,new,expertanswers,podcast,dr,sarah,stanley,dr,alexandra,alvarsson,discuss,use,whole,organ,imaging,pan,
